{"grain": 0.00747493163172288, "crude": 0.046125797629899726, "earn": 0.5177757520510483, "interest": 0.03463992707383774, "money-fx": 0.03755697356426618, "trade": 0.04576116681859617, "acq": 0.290975387420237, "ship": 0.019690063810391976}